{
    "app": {
        "name": "Habbit Tune",
        "url": "https://habbittune.com"
    },

    "server": {
        "port": 3000
    },

    "db": {
        "name": "habbit-tune",
        "port": 27017,
        "host": "localhost",
        "user": null,
        "password": null
    },

    "itemsPerPage": 10,

    "ksaOffset": -180,

    "token": {
        "accessTokenTTL": 60000,
        "refreshTokenTTL": null 
    },

    "activationCodeTTL": 600,
    "joinCodeTTL": 600,
    "childLoginCodeTTL": 600
}